sparse reward per epoch,sparse cumulative reward,pseudo reward per epoch
1,1.0,-9.009600000000002
0,1.0,-25.7064
2,3.0,4.736700000000003
1,4.0,-7.856500000000002
1,5.0,-6.4781999999999975
1,6.0,-17.941800000000004
0,6.0,-17.148999999999997
2,8.0,2.8190999999999984
2,10.0,5.741600000000001
0,10.0,-18.6723
