sparse reward per epoch,sparse cumulative reward,pseudo reward per epoch,epsilon
19,19.0,174.47660000000002,1.0
20,39.0,165.76839999999996,1.0
24,62.0,217.9619,1.0
21,82.0,195.58649999999997,1.0
19,100.0,163.66389999999998,1.0
24,123.0,218.3893,1.0
20,143.0,186.1798,1.0
23,165.0,217.2964,1.0
22,187.0,166.46849999999995,1.0
24,211.0,208.2998999999999,1.0
22,232.0,176.1265,1.0
23,255.0,207.20350000000005,1.0
22,277.0,207.8224,1.0
