sparse reward per epoch,sparse cumulative reward,pseudo reward per epoch,epsilon
21,20.0,192.1222,1.0
1,21.0,-2.7472000000000016,0.9996295722381087
0,21.0,-12.681400000000002,0.9992497963694509
1,22.0,-4.6156999999999995,0.9988701723807625
3,25.0,19.026300000000003,0.9984907002113037
0,25.0,-14.212199999999998,0.998111379800359
